{
    "pile": {
        "ce_loss": NaN,
        "perplexity": NaN,
        "n_tokens": 904444
    },
    "alpaca": {
        "ce_loss": 2.0850063057455945,
        "perplexity": 8.044642209004923,
        "n_tokens": 269234
    },
    "alpaca_custom_completions": {
        "ce_loss": 0.14096106912439887,
        "perplexity": 1.1513798228875551,
        "n_tokens": 32883
    }
}