{
    "pile": {
        "ce_loss": 5.863318606556337,
        "perplexity": 351.88999289060456,
        "n_tokens": 906802
    },
    "alpaca": {
        "ce_loss": 2.24866006228267,
        "perplexity": 9.475031374753799,
        "n_tokens": 270467
    },
    "alpaca_custom_completions": {
        "ce_loss": 0.3615757529482892,
        "perplexity": 1.4355897680228153,
        "n_tokens": 23165
    }
}