{
    "pile": {
        "ce_loss": 7.111647885243709,
        "perplexity": 1226.1664637845333,
        "n_tokens": 906802
    },
    "alpaca": {
        "ce_loss": 2.976923848119485,
        "perplexity": 19.6273469851798,
        "n_tokens": 270467
    },
    "alpaca_custom_completions": {
        "ce_loss": 2.2314161860965998,
        "perplexity": 9.313045750756453,
        "n_tokens": 23165
    }
}