{
    "pile": {
        "ce_loss": 5.975744296323267,
        "perplexity": 393.7610669652476,
        "n_tokens": 906802
    },
    "alpaca": {
        "ce_loss": 2.3352639294602584,
        "perplexity": 10.33218653795379,
        "n_tokens": 270467
    },
    "alpaca_custom_completions": {
        "ce_loss": 0.19822963384837844,
        "perplexity": 1.219242340988607,
        "n_tokens": 23165
    }
}