{
    "pile": {
        "ce_loss": 3.7305673446323864,
        "perplexity": 41.702761291431784,
        "n_tokens": 906793
    },
    "alpaca": {
        "ce_loss": 2.7336700792070068,
        "perplexity": 15.389263319204305,
        "n_tokens": 270467
    },
    "alpaca_custom_completions": {
        "ce_loss": 1.6392990079408458,
        "perplexity": 5.151557045646134,
        "n_tokens": 30150
    }
}