{
    "pile": {
        "ce_loss": 3.4708252995233626,
        "perplexity": 32.16327583046449,
        "n_tokens": 906793
    },
    "alpaca": {
        "ce_loss": 2.594457783829305,
        "perplexity": 13.389325484039944,
        "n_tokens": 270467
    },
    "alpaca_custom_completions": {
        "ce_loss": 1.4632046394917502,
        "perplexity": 4.319780710424278,
        "n_tokens": 30150
    }
}