{
    "pile": {
        "ce_loss": 2.1983002272628336,
        "perplexity": 9.009686057809297,
        "n_tokens": 906793
    },
    "alpaca": {
        "ce_loss": 2.024314269853385,
        "perplexity": 7.5709175578024706,
        "n_tokens": 270467
    },
    "alpaca_custom_completions": {
        "ce_loss": 0.1865166427207428,
        "perplexity": 1.2050446771408547,
        "n_tokens": 30150
    }
}