{
    "pile": {
        "ce_loss": 2.0227113414317173,
        "perplexity": 7.558791639956484,
        "n_tokens": 904444
    },
    "alpaca": {
        "ce_loss": 1.8117922643696838,
        "perplexity": 6.1214087893369316,
        "n_tokens": 269234
    },
    "alpaca_custom_completions": {
        "ce_loss": 0.2851927959172425,
        "perplexity": 1.330018425526792,
        "n_tokens": 30451
    }
}