{
    "pile": {
        "ce_loss": 2.3165781086278456,
        "perplexity": 10.140913761282267,
        "n_tokens": 900864
    },
    "alpaca": {
        "ce_loss": 1.7839471892697476,
        "perplexity": 5.953308939537493,
        "n_tokens": 267216
    },
    "alpaca_custom_completions": {
        "ce_loss": 0.4631299747541272,
        "perplexity": 1.5890398640601189,
        "n_tokens": 34842
    }
}