{
    "pile": {
        "ce_loss": 2.1613976307283176,
        "perplexity": 8.683265179828524,
        "n_tokens": 900864
    },
    "alpaca": {
        "ce_loss": 1.7930218697871914,
        "perplexity": 6.0075791863328,
        "n_tokens": 267216
    },
    "alpaca_custom_completions": {
        "ce_loss": 0.21060715052326198,
        "perplexity": 1.234427315668865,
        "n_tokens": 34842
    }
}