{
    "pile": {
        "ce_loss": 3.221867727882306,
        "perplexity": 25.07490958057327,
        "n_tokens": 906793
    },
    "alpaca": {
        "ce_loss": 2.5829171729787657,
        "perplexity": 13.23569270228847,
        "n_tokens": 270467
    },
    "alpaca_custom_completions": {
        "ce_loss": 1.3986699823029207,
        "perplexity": 4.049810064251031,
        "n_tokens": 30556
    }
}