{
    "pile": {
        "ce_loss": 3.3619006047230116,
        "perplexity": 28.84395978193021,
        "n_tokens": 906793
    },
    "alpaca": {
        "ce_loss": 2.6774852722199505,
        "perplexity": 14.548461834975543,
        "n_tokens": 270467
    },
    "alpaca_custom_completions": {
        "ce_loss": 1.540355915080067,
        "perplexity": 4.666250764487714,
        "n_tokens": 30556
    }
}