{
    "pile": {
        "ce_loss": 2.403600046982006,
        "perplexity": 11.062931851346994,
        "n_tokens": 906793
    },
    "alpaca": {
        "ce_loss": 2.2226811906353463,
        "perplexity": 9.232050599526834,
        "n_tokens": 270467
    },
    "alpaca_custom_completions": {
        "ce_loss": 0.19555384829681352,
        "perplexity": 1.2159842708411819,
        "n_tokens": 30556
    }
}