{
    "pile": {
        "ce_loss": 2.4273093343797343,
        "perplexity": 11.328360206995377,
        "n_tokens": 900864
    },
    "alpaca": {
        "ce_loss": 1.6387856866751493,
        "perplexity": 5.148913320461387,
        "n_tokens": 267216
    },
    "alpaca_custom_completions": {
        "ce_loss": 0.5064533037574486,
        "perplexity": 1.6593953744445464,
        "n_tokens": 34476
    }
}